Food Industry,3T,092-377-7045,092-377-7045,Addis Ababa,,,,,
Food Industry,Hama,094-024-8498,094-024-8498,Addis Ababa,,,,,
Food Industry,NEJA WODNTASE FLOUR FACTORY,091-124-8908,091-124-8908,Addis Ababa,,,,,
Food Industry,HAMELEMAL PLC,011-663-6680,011-663-6680,Addis Ababa,,,,,
Food Industry,Hamarassa Cooking Oil,091-939-6091,091-939-6092,Addis Ababa,,,,,
Food Industry,hamaza sherif,092-277-8928,092-277-8928,Addis Ababa,,,,,
Food Industry,HABLEM ENJERA SUPPLIER PLC,091-194-8076,091-194-8076,Addis Ababa,,,,,
Food Industry,Hazera Genetics Presents,091-618-3087,091-618-3087,Addis Ababa,,,,,
Food Industry,hafsalt trrading,011-439-2103,011-439-2103,Addis Ababa,,,,,
Food Industry,hirut menegesha,093-114-1582,093-114-4582,Addis Ababa,,,,,
Food Industry,HELEN HASEN,091-120-2852,091-120-2852,Addis Ababa,,,,,
Food Industry,Helen Candy Manufacturing,091-120-2052,091-124-0696,Addis Ababa,,,,,
Food Industry,HERMY FLOUR FACTORY,025-112-1414,025-112-1414,Addis Ababa,,,,,
Food Industry,HELINA FOOD PROCESSING PLC,011-651-9909,091-120-7722,Addis Ababa,,,,,
Food Industry,Public Bakery,011-277-3975,011-277-3975,Addis Ababa,,,,,
Food Industry,LUCY SALT  PRODUCTION,011-618-0777,011-618-0777,Addis Ababa,,,,,
Food Industry,LOYAL SWEET FACTORY,011-112-9991,011-112-9991,Addis Ababa,,,,,
Food Industry,MOHAMED ALI THABIT,011-275-4941,011-275-4941,Addis Ababa,,,,,
Food Industry,MESERET MOLA FLOUR FACTORY,011-434-1169,011-434-1169,Addis Ababa,,,,,
Food Industry,MUSHROOM HOUSE,011-654-0267,011-654-0267,Addis Ababa,,,,,
Food Industry,Mekurya Gurge Oil Factory,022-112-0157,022-112-0157,Addis Ababa,,,,,
Food Industry,Kayo plc.,+251 112 775960,+251910 64 6868,Addis Ababa,,,,,/img/industry/kayo.jpg
Food Industry,mimi baletena,011-279-6037,011-279-6037,Addis Ababa,,,,,
Food Industry,mars food,011-277-0983,011-277-0983,Addis Ababa,,,,,
Food Industry,MAKARINA FOOD INBDUSTRY,011-663-8865,011-663-8865,Addis Ababa,,,,,
Food Industry,Mikur Salt Producer Plc,011-157-0728,011-157-0728,Addis Ababa,,,,,
Food Industry,food supplier,091-150-6058,091-150-6058,Addis Ababa,,,,,
Food Industry,MOHA SOFT DRINK INDUSTRY S.C,011-661-5087,011-661-5087,Addis Ababa,,,,,
Food Industry,Mo-ya Food Complex,011-629-2969,011-629-2907,Addis Ababa,,,,,
Food Industry,SELEWA CANDY,091-122-4797,091-122-4797,Addis Ababa,,,,,
Food Industry,selamawit abebe,091-114-6621,091-114-6621,Addis Ababa,,,,,
Food Industry,Select International plc,011-416-9091,011-416-9091,Addis Ababa,,,,,
Food Industry,seble food production plc,011-661-0745,001-166-1074,Addis Ababa,,,,,
Food Industry,SILVANA TESTA ACLCOHOL,011-439-3746,011-439-3746,Addis Ababa,,,,,
Food Industry,SAMUEL BEKERING,011-545-4444,011-545-4444,Addis Ababa,,,,,
Food Industry,SAGRE FOOD COMPLEXT (DANIEL,046-331-4031,046-331-4031,Addis Ababa,,,,,
Food Industry,3.ti,011-377-7045,011-433-8100,Addis Ababa,,,,,
Food Industry,ROYAL CONFECTIONARY,011-645-8431,011-645-8431,Addis Ababa,,,,,
Food Industry,Kana Trading House,011-470-6470,011-470-6470,Addis Ababa,,,,,
Food Industry,kibe yuhanis,091-359-6611,091-359-6611,Addis Ababa,,,,,
Food Industry,BELAYINESHE AND FRIENDS,092-033-1920,092-033-1920,Addis Ababa,,,,,
Food Industry,BBZ FOODS PLC,091-123-8198,091-123-8198,Addis Ababa,,,,,
Food Industry,Barkot Baltina,091-179-2258,091-179-2258,Addis Ababa,,,,,
Food Industry,BARGUBA TRADING PLC,091-164-5036,091-122-8208,Addis Ababa,,,,,
Food Industry,BATU AGRO INDUSTRY,011-416-9787,011-416-9787,Addis Ababa,,,,,
Food Industry,BELONIAS PLC,011-156-7060,091-120-4162,Addis Ababa,,,,,
Food Industry,Brothers Food Factory,011-157-3621,011-157-3621,Addis Ababa,,,,,
Food Industry,Birwonz Flour Factory,011-259-4090,011-259-4456,Addis Ababa,,,,,
Food Industry,birhinau tesfa kiros,034-440-4395,034-440-4395,Addis Ababa,,,,,
Food Industry,Bizuneh Tesfaye,093-009-7578,091-166-2272,Addis Ababa,,,,,
Food Industry,bizaye yezen a meskerem and friends food,094-776-7792,094-767-7923,Addis Ababa,,,,,
Food Industry,boez food complex,011-667-0165,093-003-3218,Addis Ababa,,,,,
Food Industry,Booez Pasta & Macaroni PLC,011-284-3750,011-278-1462,Addis Ababa,,,,,
Food Industry,tested quarry plc,011-466-7868,091-010-2787,Addis Ababa,,,,,
Food Industry,Tesfa Baddis Abeba Food Processing Comppany,011-555-1415,091-188-3015,Addis Ababa,,,,,
Food Industry,TST GENERAL COMMERCIAL INTERPRISE PLC,011-433-4238,011-433-4238,Addis Ababa,,,,,
Food Industry,TEDELCH TADESE,011-145-9431,011-145-9431,Addis Ababa,,,,,
Food Industry,Tadese Segn Enterprise,091-121-4169,091-121-4169,Addis Ababa,,,,,
Food Industry,Ten  Day Belt,091-120-4938,091-120-4938,Addis Ababa,,,,,
Food Industry,Tirhas Beyene Pulses Whole Sale,094-220-6700,094-220-6700,Addis Ababa,,,,,
Food Industry,Nakily Flawr Factory,011-416-0340,091-120-6028,Addis Ababa,,,,,
Food Industry,Nile Fish Shop,091-303-0485,091-303-0485,Addis Ababa,,,,,
Food Industry,Nigatu G/silassie,011-275-4825,099-275-4825,Addis Ababa,,,,,
Food Industry,NORISH BUSINESS PLC,011-434-0730,092-060-9732,Addis Ababa,,,,,
Food Industry,ahimed food store,091-370-3663,091-370-3663,Addis Ababa,,,,,
Food Industry,ahiwan food complex,011-157-2066,091-115-7206,Addis Ababa,,,,,
Food Industry,ALEM PASTRY,011-279-9405,091-167-9808,Addis Ababa,,,,,
Food Industry,Allana Group Frigorfico Boran Foods,093-871-7171,093-871-7171,Addis Ababa,,,,,
Food Industry,ALEX PLC,011-419-2626,011-419-2626,Addis Ababa,,,,,
Food Industry,Al Bruk plc,092-257-6200,092-257-6200,Addis Ababa,,,,,
Food Industry,ASETCO FOOD COMPLEX,011-434-3066,091-122-8468,Addis Ababa,,,,,
Food Industry,Astco food complex,011-434-3060,091-146-4870,Addis Ababa,,,,,
Food Industry,askual paulitry farm  plc,092-794-7464,092-794-7464,Addis Ababa,,,,,
Food Industry,Abera Bantina,091-122-3841,091-122-3841,Addis Ababa,,,,,
Food Industry,Abebe & Family Plc,011-466-6609,011-466-6609,Addis Ababa,,,,,
Food Industry,Abbay International PLC,011-439-3555,011-439-3555,Addis Ababa,,,,,
Food Industry,Abaye pasta and macaroni factory,011-465-0405,091-120-8560,Addis Ababa,,,,,
Food Industry,ABDULEKADER (NYALA OIL),011-270-7028,011-270-7437,Addis Ababa,,,,,
Food Industry,Anteneh Shimels,091-166-3810,091-166-3810,Addis Ababa,,,,,
Food Industry,AKEFMO INJERA EXPORTER,092-379-8558,092-379-8558,Addis Ababa,,,,,
Food Industry,Acho Salt Production & General Trading,091-190-7064,091-190-7064,Addis Ababa,,,,,
Food Industry,IHRAK INTRNATIONAL PLC,011-439-3931,011-439-3931,Addis Ababa,,,,,
Food Industry,ADAMA FOOD PROSSING COMPLEX PLC,011-552-9522,011-552-9522,Addis Ababa,,,,,
Food Industry,ADAMA FOOD PROCESSING COMPLEX PLC,011-112-5213,091-123-0093,Addis Ababa,,,,,
Food Industry,Admas & Bruke Food Preparation,092-066-1222,092-066-1222,Addis Ababa,,,,,
Food Industry,AGAPE ENGINEERING PLC,092-440-2561,092-440-2561,Addis Ababa,,,,,
Food Industry,atnafe butcher,091-125-3401,091-125-3401,Addis Ababa,,,,,
Food Industry,Umer Musa Mohamedin,011-156-1060,091-123-4278,Addis Ababa,,,,,
Food Industry,ET - TEFF,011-439-1500,011-439-1500,Addis Ababa,,,,,
Food Industry,En-rich Agro Industry,011-895-9895,011-895-9895,Addis Ababa,,,,,
Food Industry,ENRICHED FOOD PLC,011-667-9042,011-667-9006,Addis Ababa,,,,,
Food Industry,EFTEN TRADING ENTERPRISE,011-550-5935,011-550-5935,Addis Ababa,,,,,
Food Industry,ELSA KOLO PLC,011-277-8777,091-115-4688,Addis Ababa,,,,,
Food Industry,EM.AMOLE TABLE SALT ENTERPRISE,011-652-5582,011-652-5582,Addis Ababa,,,,,
Food Industry,MA,091-115-9857,091-115-8957,Addis Ababa,,,,,
Food Industry,HBTA Organic Food plc,091-114-9162,091-363-3982,Addis Ababa,,,,,
Food Industry,NHY GENERAL IMPORTER,011-663-8115,091-151-4052,Addis Ababa,,,,,
Food Industry,Efert Food PLC,094-212-5413,094-212-5413,Addis Ababa,,,,,
Food Industry,ifuye,091-166-0564,091-166-0564,Addis Ababa,,,,,
Food Industry,KALID SHEMSUN ALI FLOUR FACTORY,046-211-0777,046-211-0777,Addis Ababa,,,,,
Food Industry,Kalcom PLC,011-416-8074,011-416-8074,Addis Ababa,,,,,
Food Industry,KASAHUN PAWULOS FOOD,091-152-5456,091-152-5456,Addis Ababa,,,,,
Food Industry,KAJOTO FOOD SHARE COMPANY,011-390-1440,011-390-1440,Addis Ababa,,,,,
Food Industry,CONSOLIDATE MANUFACTURE TRADING /CMT/,011-515-0940,011-515-0940,Addis Ababa,,,,,
Food Industry,kokeb flour and pasta factory,011-419-1539,011-419-1539,Addis Ababa,,,,,
Food Industry,KOKEB FLOUR SHRE COMPANY,011-419-1514,091-177-2054,Addis Ababa,,,,,
Food Industry,weltay duga,091-197-4774,091-197-4774,Addis Ababa,,,,,
Food Industry,WALKAN FOOD,091-134-8654,091-134-8654,Addis Ababa,,,,,
Food Industry,Wab Shebelle Food Complex plc,011-442-4910,091-120-7003,Addis Ababa,,,,,
Food Industry,Wudnesh Flour Factory,091-123-8575,091-123-8575,Addis Ababa,,,,,
Food Industry,Wudenesh Flour Factory Plc,011-660-0865,011-660-0865,Addis Ababa,,,,,
Food Industry,ZZEHARA MOHAMED FLOUR FACTORY,011-279-2932,011-279-2932,Addis Ababa,,,,,
Food Industry,YENEGAT TSEHAY FLOUR FACTORY,091-471-6252,091-471-6252,Addis Ababa,,,,,
Food Industry,FISH PRODUCTION AND MARKETING ENTERPRISE,011-440-0341,011-440-0341,Addis Ababa,,,,,
Food Industry,Tofik and Halima movable ice-cream machine supply,091-161-6564,091-161-6564,Addis Ababa,,,,,
Food Industry,Universal Food Complex,011-439-3646,011-439-9967,Addis Ababa,,,,,
Food Industry,YEMALDU OIL FACTORY,011-553-8653,011-553-8653,Addis Ababa,,,,,
Food Industry,YAMROT ENGINEERING,011-896-4949,011-896-4949,Addis Ababa,,,,,
Food Industry,yamrot food complex,011-320-2824,011-320-2824,Addis Ababa,,,,,
Food Industry,"Yoseph,Yohannis,Bemnet & friends Food Production Partnership",091-051-6402,091-051-6402,Addis Ababa,,,,,
Food Industry,destny trading plc,011-663-6727,091-120-9797,Addis Ababa,,,,,
Food Industry,D.D FOOD COMPLEX SH.CO,011-156-2226,011-156-6269,Addis Ababa,,,,,
Food Industry,DALLOL SALT PRODUCTION S.CO,011-278-9947,091-120-7116,Addis Ababa,,,,,
Food Industry,dhanga ambo agro food complex,091-046-1207,091-046-1207,Addis Ababa,,,,,
Food Industry,DUCK PLC,011-277-9630,011-320-3516,Addis Ababa,,,,,
Food Industry,D.H GEDA FLOUR FACTORY PLC,011-629-3415,091-120-3996,Addis Ababa,,,,,
Food Industry,DIREDAWA FOOD COMPLEX S.CO,011-629-7132,011-329-7132,Addis Ababa,,,,,
Food Industry,JEMANESH FLOUR FACTORY,011-213-2876,011-213-2876,Addis Ababa,,,,,
Food Industry,GEMILA REDE FLOUR FACTORY,091-150-7740,091-150-7740,Addis Ababa,,,,,
Food Industry,Gezahegn Solomon,091-295-5313,091-395-5313,Addis Ababa,,,,,
Food Industry,global food catering,091-431-6544,091-431-6545,Addis Ababa,,,,,
Food Industry,GIRUM FOOD COMPLEX PLC,011-442-3239,011-442-3239,Addis Ababa,,,,,
Food Industry,GIRMA ABERA & HIS SON OIL,091-120-6918,091-120-6918,Addis Ababa,,,,,
Food Industry,Goh Floor Factory,091-045-1084,091-045-1084,Addis Ababa,,,,,
Food Industry,GANOZHI TRADING PLC,011-661-6714,091-123-8921,Addis Ababa,,,,,
Food Industry,best food to cure brain stroke,091-225-3029,091-225-3029,Addis Ababa,,,,,
Food Industry,General Importer Chalaklaka Edible Oil,011-433-8869,011-433-8869,Addis Ababa,,,,,
Food Industry,Food Com General Trading,011-663-7079,011-663-7079,Addis Ababa,,,,,
Food Industry,Fantastic Farina Food Complex,011-439-1837,011-439-1837,Addis Ababa,,,,,
Food Industry,fafa food share compani,011-442-1755,091-120-0405,Addis Ababa,,,,,
Food Industry,FAFFA FOOD COMPLEX,091-167-3604,091-167-3604,Addis Ababa,,,,,
Food Industry,fisha eshetye flour factory,011-439-1698,011-439-1698,Addis Ababa,,,,,
Food Industry,finas international food service plc,092-743-4471,092-743-4471,Addis Ababa,,,,,
Food Industry,President Food Complex,091-320-6348,091-320-6348,Addis Ababa,,,,,
Mining,Hiwot watar ,011 882 9197,011 882 9197,Addis Ababa,,,,,
Mining,Belay Industris plc,011 275 5974,091 120 4709,Addis Ababa,,,,,
Mining,Alkabus Agro Industry ,091 017 3136,091 017 3136,Addis Ababa,,,,,
Mining,Ambo water mineral water,011 371 6242,091 150 2786,Addis Ababa,,,,,
Mining,Agmas Manufacturing Plc,091 150 4080,091 120 4080,Addis Ababa,,,,,
Mining,Water and Bottle Manufactur,091 120 3572,092 936 7626,Addis Ababa,,,,,
Mining,Debre Berhan Natural Resources Water Plc,011 629 0607,011 629 0607,Addis Ababa,,,,,
Mining,Ethiopian Flour Factory Assosation,011 467 2277,091 115 2191,Addis Ababa,,,,,
Mining,Mesp Africa,011 663 8734,091 166 3873,Addis Ababa,,,,,
Mining,Rome Plastic Packaging,091 140 8124,091 140 8124,Addis Ababa,,,,,
Mining,Burayu Packaging & Printing Industry,011 466 9858,011 466 9858,Addis Ababa,,,,,/img/industry/BURAYU final .jpg
Mining,Bazeto Industry & Trading Plc,011 440 4290,011 440 4290,Addis Ababa,,,,,
Mining,?ngawu parking PLC ,093 664 9255,093 664 9255,Addis Ababa,,,,,
Mining,A.M printing Packaging PLC,011 156 7887,011 419 4770,Addis Ababa,,,,,
Mining,APF FALEXS MANUFACTURING ,093 320 0100,093 320 0100,Addis Ababa,,,,,
Mining,Classic Packaging Packaging & Carton Boxing Factor,011 372 5321,091 201 9475,Addis Ababa,,,,,
Mining,DA Packaging PLC,011 321 0013,011 321 3098,Addis Ababa,,,,,
Mining,PRI Packaging PLC,093 007 0930,093 007 0930,Addis Ababa,,,,,
Mining, Hile meskel,091 037 2160,091 037 2160,Addis Ababa,,,,,
Mining,H?meze Swing Machine Dealer,091 162 1490,091 162 1490,Addis Ababa,,,,,
Mining,Hamilton Construction Rent PLC ,011 416 3731,011 416 3731,Addis Ababa,,,,,
Mining,Habtom Gebre / eysuse,091 478 1546,091 142 6284,Addis Ababa,,,,,
Mining,Hancon Concentration Machinery,093 676 1376,091 151 6545,Addis Ababa,,,,,
Mining,Hiwot Beyene building materials Sale,091 132 1116,092 772 5125,Addis Ababa,,,,,
Mining,Hedasa Gebru,090 242 8307,090 242 8307,Addis Ababa,,,,,
Mining,Lion Agri make and Engineering Services,011 551 8601,011 551 8601,Addis Ababa,,,,,
Mining,Mehari Berhane Construction Machinery Rental,091 121 1854,091 175 8149,Addis Ababa,,,,,
Mining,"Musea Al Azar Construction and Distribution Co., Ltd",011 442 4333,011 442 4333,Addis Ababa,,,,,
Mining, samerawi gzahige Construction Machinery Rental,011 663 1903,011 663 1903,Addis Ababa,,,,,
Mining,sendu Construction Machinerie,011 320 2353,092 990 1565,Addis Ababa,,,,,
Mining,Seyume Terfe Construction Machinery Rental Plc,091 117 6963,091 107 4112,Addis Ababa,,,,,
Mining,Solbis Machinery Rental & Importer,091 123 6641,091 123 6641,Addis Ababa,,,,,
Mining,Rehawiniti Construction Machinery Rental,011 829 1400,093 598 8465,Addis Ababa,,,,,
Mining,Rise  Engineering SC,011 440 1420,011 442 0667,Addis Ababa,,,,,
Mining,Roman Ba,091 122 3407,091 122 3407,Addis Ababa,,,,,
Mining,Shae Omar Mustafa and his family PLC,091 121 0886,091 121 0886,Addis Ababa,,,,,
Mining,Kalkidan Construction material rent,091 319 8405,091 185 3743,Addis Ababa,,,,,
Mining,Belaye Leywe Construction Machinery Rental,094 070 7070,094 070 7070,Addis Ababa,,,,,
Mining, B H T GENERAL TRADING PLC,093 601 0919,091 162 3874,Addis Ababa,,,,,
Mining,Binebebe Engineering  PLC ,091 002 5510,091 304 6515,Addis Ababa,,,,,
Mining,B H H Machinery Rental Plc,093 009 7908,091 120 3502,Addis Ababa,,,,,
Mining,Biserat Gberel car sparepart,011 840 5223,091 121 3049,Addis Ababa,,,,,
Mining,Biruk Teshome Machinery Rental,091 210 6594,091 210 6594,Addis Ababa,,,,,
Mining,Bruk Abebe Haile,091 125 2836,091 125 2836,Addis Ababa,,,,,
Mining,Bruk Tilahun PLC ,091 151 4893,091 151 4893,Addis Ababa,,,,,
Mining,Birhane ENGINEERING PLC,011 416 2333,011 416 2333,Addis Ababa,,,,,
Mining,Tafari Ibrahim,091 242 0331,091 242 0331,Addis Ababa,,,,,
Mining,Tamexi Trading,011 442 3179,011 442 3179,Addis Ababa,,,,,
Mining,Tatale Construction Machinerie Rent PLC,093 009 9221,093 009 9221,Addis Ababa,,,,,
Mining,Techno Mac PLC ,011 320 4505,011 439 0206,Addis Ababa,,,,,
Mining,China Africa sparepart,011 157 4278,091 168 0011,Addis Ababa,,,,,
Mining,Nebeyu G / Mariam Importer,091 341 3349,091 341 3349,Addis Ababa,,,,,
Mining,NILE TAN MACHINE Renta PLC,011 554 4933,011 618 0929,Addis Ababa,,,,,
Mining,Noli General Business,092 131 6164,092 131 6164,Addis Ababa,,,,,
Mining, Alemayhu Asefa ,011 467 7492,091 130 2805,Addis Ababa,,,,,
Mining, Amenshi Machinery Rental,011 553 8454,011 553 8454,Addis Ababa,,,,,
Mining,Asenake TafeseMachinery Rental,093 007 1727,093 007 1727,Addis Ababa,,,,,
Mining,Akale Shumeta Construction Mterials Services,093 440 7439,093 440 7439,Addis Ababa,,,,,
Mining,Asfer Terading,011 663 8541,093 010 9734,Addis Ababa,,,,,
Mining,Asefawe Beyene Constreacion MachineryRental,091 151 4902,091 151 4902,Addis Ababa,,,,,
Mining,Asfaw wesene of construction materials Import PLC,093 000 3878,093 000 3878,Addis Ababa,,,,,
Mining,Ashenafi Amare,091 179 8490,091 179 8490,Addis Ababa,,,,,
Mining, Abera And His sons,011 466 0644,011 466 0644,Addis Ababa,,,,,
Mining,Abebe Gatachew,091 122 7200,091 122 7200,Addis Ababa,,,,,
Mining,Abedulkader Syed Machinery,091 124 2760,091 124 2760,Addis Ababa,,,,,
Mining,AtemeConstruction Machinerie Rent,091 131 3771,091 131 3771,Addis Ababa,,,,,
Mining,Akelilu Atenafu,091 109 9912,091 109 9912,Addis Ababa,,,,,
Mining,Aweke Desa Construction Machinerie Rent,011 440 1166,091 156 1521,Addis Ababa,,,,,
Mining,Awakiro machine house,011 515 4796,011 515 4796,Addis Ababa,,,,,
Mining,Awsten CONSTRUCTION PLC,011 850 0354,091 832 2204,Addis Ababa,,,,,
Mining,Ayele Beyen,094 212 5334,094 212 5334,Addis Ababa,,,,,
Mining,Addis Merafe Constraction Materials Rental,091 163 0227,091 163 0227,Addis Ababa,,,,,
Mining, Addis Tech mechineri Parts Suppliers plc,093 148 3121,093 148 3121,Addis Ababa,,,,,
Mining,Addis Ababa National Holdings Administrative ,011 126 3698,011 126 3698,Addis Ababa,,,,,
Mining,Addis forno,011 156 2280,011 156 2281,Addis Ababa,,,,,
Mining,Afesealll Technology PLC ,011 419 8334,011 652 3282,Addis Ababa,,,,,
Mining,Afro Tools General Business PLC,011 515 3066,011 515 8990,Addis Ababa,,,,,
Mining,Avon PLC,091 326 5791,091 175 4558,Addis Ababa,,,,,
Mining,EMG Building Material Leasing,011 126 6261,011 126 6261,Addis Ababa,,,,,
Mining,East Africa and hilling Center,011 554 5974,001 155 4597,Addis Ababa,,,,,
Mining,Ethio Libia share Agriculture SC,011 551 2900,011 551 2900,Addis Ababa,,,,,
Mining,Ethiopian Machineries PLC,011 863 0090,011 863 0090,Addis Ababa,,,,,
Mining,eggmak plc ,091 120 1105,091 120 1105,Addis Ababa,,,,,
Mining, Ital Project Africa plc,011 442 1263,011 442 1263,Addis Ababa,,,,,
Mining,Alem Tshaye Ayetaga,093 007 7726,093 007 7726,Addis Ababa,,,,,
Mining,A.C.E TRADING COMPANY,011 213 8082,091 177 6098,Addis Ababa,,,,,
Mining,A.C.F TRADING,091 120 1473,091 120 1473,Addis Ababa,,,,,
Mining, Ellen Construction,091 169 9347,091 169 9347,Addis Ababa,,,,,
Mining,Emahizi Global Consulting  PLC ,011 647 7245,011 647 7245,Addis Ababa,,,,,
Mining, M.C.M,091 169 1902,091 169 1902,Addis Ababa,,,,,
Mining, S. N Construction Machinery Rental,091 140 6435,091 140 6435,Addis Ababa,,,,,
Mining,H. Home Deep Trading,011 416 5819,011 416 5819,Addis Ababa,,,,,
Mining,H. A.F Tools General Trading PLC,091 121 4995,091 121 4995,Addis Ababa,,,,,
Mining, H.Y Construction machinery supplier ,092 771 1823,092 771 1823,Addis Ababa,,,,,
Mining,Ephraim Ekubayecontrsction,094 413 1072,091 120 2213,Addis Ababa,,,,,
Mining,Israel Construction Machinery Rental,091 118 5167,091 118 5167,Addis Ababa,,,,,
Mining,All Africa PLC,011 157 9498,011 157 9498,Addis Ababa,,,,,
Mining,Orenist Trading plc,091 176 9788,091 176 9788,Addis Ababa,,,,,
Mining,kiber Construction materials and equipment rental,011 553 5986,011 553 5986,Addis Ababa,,,,,
Mining,keder Awel construction equipment Rent,093 007 8443,093 007 8443,Addis Ababa,,,,,
Mining,Kalpere Metal Works Engineering,011 439 5246,011 439 5246,Addis Ababa,,,,,
Mining,Kassahan and netsanet,091 000 8585,091 000 8585,Addis Ababa,,,,,
Mining, Kanager Machinery Rental,091 168 9997,091 168 9997,Addis Ababa,,,,,
Mining,k L MTRADING AND INDUSTRIAL plc,092 016 5870,092 016 5870,Addis Ababa,,,,,
Mining,kebebew biru wooden and metal work,011 275 1322,011 275 1322,Addis Ababa,,,,,
Mining,Kiflom Hailu  construction equipment renting business,011 554 8913,011 554 8913,Addis Ababa,,,,,
Mining, Wedeye Germa plc,011 551 8229,091 120 1524,Addis Ababa,,,,,
Mining,Winta Bayu,091 119 3893,091 119 8393,Addis Ababa,,,,,
Mining,Zelalem Shiferawe,091 120 2316,091 120 2316,Addis Ababa,,,,,
Mining,Zena Constaction Materials Sale,011 275 4878,011 275 4878,Addis Ababa,,,,,
Mining, Yemekabe General Import Export Plc ,011 442 1339,001 012 1511,Addis Ababa,,,,,
Mining, Yetebarke Birhane,091 470 1917,091 470 1917,Addis Ababa,,,,,
Mining,Yonatal Shibiru,091 110 9460,091 110 9460,Addis Ababa,,,,,
Mining,Desalegn Tadese ,091 113 3520,091 113 3520,Addis Ababa,,,,,
Mining,Desalegn Alebachew Sisaye ,011 662 5786,091 121 6047,Addis Ababa,,,,,
Mining,Desta yadata Construction Machine Rent,091 327 8683,091 327 8683,Addis Ababa,,,,,
Mining,Dan paint International Trading,011 157 9200,011 157 9200,Addis Ababa,,,,,
Mining,Daniel Machine Shop,091 131 6933,091 131 6933,Addis Ababa,,,,,
Mining,Deboiner  Trading,091 430 0783,091 121 7076,Addis Ababa,,,,,
Mining,G.M.Y Grand Shift Repair & Engines Company,011 647 7860,011 647 7860,Addis Ababa,,,,,
Mining,Jabe Rock Driiling,091 135 3174,093 001 3745,Addis Ababa,,,,,
Mining,J. H. R. Construction Machinery Rentals PLC ,011 442 1709,011 442 1709,Addis Ababa,,,,,
Mining,Gupe Singapore P tu e,011 618 6360,011 618 6360,Addis Ababa,,,,,
Mining,John PLC,092 350 0005,092 350 0005,Addis Ababa,,,,,
Mining,Geneba Motors,091 342 4614,091 579 2600,Addis Ababa,,,,,
Mining,Gezahene Hailu Modern Machine Workshop,011 416 6134,011 416 6134,Addis Ababa,,,,,
Mining,giza Guide plc,011 552 8080,091 151 7596,Addis Ababa,,,,,
Mining,Gion Kebede plc,011 466 3118,091 188 3479,Addis Ababa,,,,,
Mining,Golden Rode Agrofarms,091 166 9971,091 166 9971,Addis Ababa,,,,,
Mining,Firawe Bekele Construction ,011 470 7757,091 196 3369,Addis Ababa,,,,,
Mining,Famguso Construction,096 116 2489,091 162 4893,Addis Ababa,,,,,
Mining,Fatade General Trading PLC,011 440 4862,011 440 4862,Addis Ababa,,,,,
Mining, Fana Gatachwe,096 216 8423,096 216 8423,Addis Ababa,,,,,
Mining, fivi firaol,093 787 7534,093 787 7534,Addis Ababa,,,,,
Mining, Firtuna gberselasa,091 123 3319,091 123 3319,Addis Ababa,,,,,
Mining,PRIVATE,091 168 7769,091 168 7769,Addis Ababa,,,,,
Mining,Paul Riyes & the Children (Ethiopia) Company,092 188 5426,011 156 0233,Addis Ababa,,,,,
Industry,Infra Group,011 661 1500,011 661 1500,Addis Ababa,,,,,
Industry,yohanis tesema,091 120 4613,091 120 4613,Addis Ababa,,,,,
Industry,gugda agro industry plc,011 434 3318,011 434 3318,Addis Ababa,,,,,
Industry,HASSENIAS AGRI COMM.INDUSTRY AND CONST PLC,011 111 5441,091 188 7332,Addis Ababa,,,,,
Industry,harbu trade and industry plc,011 466 2041,011 466 2041,Addis Ababa,,,,,
Industry,Hake Trade and industry Enterprise,011 440 3218,091 120 9674,Addis Ababa,,,,,
Industry,Hi Tech Industry,092 287 8192,092 287 8192,Addis Ababa,,,,,
Industry,Huajia International Light Industry City,091 192 7437,091 192 7437,Addis Ababa,,,,,
Industry,Lammi Agro & Industry PLC,011 661 5194,011 661 5194,Addis Ababa,,,,,
Industry,LION LEATHER PRODUCTS,011 552 8866,011 552 8866,Addis Ababa,,,,,
Industry,Mercimoy Industry & commerce,011 663 0185,011 663 0185,Addis Ababa,,,,,
Industry,Munich Shoes And Leather Products,011 276 6036,011 276 6036,Addis Ababa,,,,,
Industry,Mirona Industry Plc,011 629 4483,091 139 6139,Addis Ababa,,,,,
Industry,MET CAN INDUSTRIES,091 152 7786,091 152 7786,Addis Ababa,,,,,
Industry,Maru metal industry,011 465 4433,011 465 4433,Addis Ababa,,,,,
Industry,mikyad pvt .ltd,011 419 7525,011 419 7525,Addis Ababa,,,,,
Industry,Mikyad Pvt.Ltd Company,011 419 7225,011 419 7225,Addis Ababa,,,,,
Industry,Moab PLC,011 442 5585,001 144 2586,Addis Ababa,,,,,
Industry,SEKELA INDUSTRIALS,091 162 1332,091 430 0212,Addis Ababa,,,,,
Industry,c&e brothers steel factory plc,011 126 2143,011 126 2107,Addis Ababa,,,,,
Industry,Sasco industrialtrading and transport,011 156 0611,091 120 2301,Addis Ababa,,,,,
Industry,CET INDUSTRIALS PLC,091 150 2123,091 150 2123,Addis Ababa,,,,,
Industry,Steel Mete Trading House,011 860 1173,093 001 4170,Addis Ababa,,,,,
Industry,STELA TRADE & INDUSTRY,011 651 3169,011 651 3169,Addis Ababa,,,,,
Industry,Skem Soap Manufacturing,091 367 7334,091 367 7334,Addis Ababa,,,,,
Industry,soliana plastic and product industry,091 121 8784,091 121 8784,Addis Ababa,,,,,
Industry,Sorga Agro Industrial Complex PLC,091 218 0013,091 218 0013,Addis Ababa,,,,,
Industry,RAND INDUSTRY PLC,091 026 8014,091 026 8014,Addis Ababa,,,,,
Industry,raya jimma house trading plc,011 554 6600,091 121 2344,Addis Ababa,,,,,
Industry,RAINBOW PLASTIC AND FOAM INDUSTRY,011 416 3450,011 465 4619,Addis Ababa,,,,,
Industry,sheba lezer  industry,011 550 6120,011 550 6121,Addis Ababa,,,,,
Industry,Kality Spring factory,011 439 0293,011 439 0293,Addis Ababa,,,,,
Industry,Kality Construction material production factory,011 434 8742,011 434 8742,Addis Ababa,,,,,
Industry,Kality Food Share Company,011 439 0144,011 439 0144,Addis Ababa,,,,,
Industry,kidest internatinal,011 275 0519,011 275 0519,Addis Ababa,,,,,
Industry,bust gypsam industry,091 150 7221,091 150 7221,Addis Ababa,,,,,
Industry,BISHANGARI PURIFICATION INDUSTRIES PLC,011 618 0317,011 618 0317,Addis Ababa,,,,,
Industry,BINAF MUL ARD FOOD AND INDUSTRY CROPS,091 152 2446,091 152 2446,Addis Ababa,,,,,
Industry,BNI Industry Trading,091 166 4175,091 166 4175,Addis Ababa,,,,,
Industry,bazeto industry trading,011 434 0400,011 434 0400,Addis Ababa,,,,,
Industry,BAZETO INDUSTRY AND TRADING PLC,011 440 4289,011 440 4289,Addis Ababa,,,,,
Industry,SUPPLIED BY FARID INDUSTRIAL AND COMMERCIAL PLC,011 434 3475,011 434 3475,Addis Ababa,,,,,
Industry,Bekas Chemicals Plc,011 646 0197,091 120 3841,Addis Ababa,,,,,/img/industry/bekas half final.jpg
Industry,BAY INDUSTRIAL PLC,091 139 1961,091 139 1961,Addis Ababa,,,,,
Industry,Ethiopia Marble Industry,011 466 1111,091 121 3801,Addis Ababa,,,,,
Industry,bless agri food laboratory service plc,011 667 9221,094 780 0049,Addis Ababa,,,,,
Industry,blue magic,091 151 7580,091 151 7580,Addis Ababa,,,,,
Industry,Bracod Agro Industry plc,091 189 3167,091 189 3167,Addis Ababa,,,,,
Industry,Techale haile general metal & wood works,091 120 3196,091 120 3196,Addis Ababa,,,,,
Industry,turks blocks factory,091 120 8326,091 195 8804,Addis Ababa,,,,,
Industry,Tujar Industry Zone Development,011 661 6464,091 120 3862,Addis Ababa,,,,,
Industry,Tayer Trading Industry,011 439 0246,091 146 2124,Addis Ababa,,,,,
Industry,Nigma Ago Industry,011 470 0768,011 470 0768,Addis Ababa,,,,,
Industry,ahmed mehamed and his family  plc,011 275 6175,091 122 4211,Addis Ababa,,,,,
Industry,Al Hawd Trade & Industry plc,091 150 5776,091 150 7576,Addis Ababa,,,,,
Industry,AL-han Detergent Industry plc,011 213 2569,011 213 2569,Addis Ababa,,,,,
Industry,al-mehdi group of industry,011 661 6835,011 618 6778,Addis Ababa,,,,,
Industry,Alem Trade & Industry PLC,011 419 5310,091 140 4169,Addis Ababa,,,,,
Industry,ALBAZZ INDUSTRIAL PLC,011 849 5199,011 849 5278,Addis Ababa,,,,,
Industry,Albaz Industries plc,093 009 9301,093 009 9301,Addis Ababa,,,,,
Industry,ALTEHET INDUSTRIEL PLC,091 151 1080,091 151 1080,Addis Ababa,,,,,
Industry,AMARD INDUSTRY PLC,091 120 4660,091 120 4660,Addis Ababa,,,,,
Industry,asimi industry plc,011 663 7863,011 663 7863,Addis Ababa,,,,,
Industry,Astco Food Complex PLC,011 434 2034,011 434 3066,Addis Ababa,,,,,
Industry,ASFIR TRADING INDUSTRY,091 123 7316,091 123 7316,Addis Ababa,,,,,
Industry,asfaw habeta,091 633 4320,091 633 4320,Addis Ababa,,,,,
Industry,ashbate plc,011 278 1885,091 185 3780,Addis Ababa,,,,,
Industry,akaki spare parts & hand tools,011 434 0422,011 434 0422,Addis Ababa,,,,,
Industry,Abesune industries plc,011 439 5222,091 049 5900,Addis Ababa,,,,,
Industry,Abera Gessesse Familly Business Industry PLC,091 120 8186,091 120 8186,Addis Ababa,,,,,
Industry,Abdurazak Ali,093 000 7367,093 000 7367,Addis Ababa,,,,,
Industry,IPDC,011 661 6583,011 661 6583,Addis Ababa,,,,,
Industry,AYIGA TRADE AND INDUSTRY PLC,011 667 4399,011 667 4399,Addis Ababa,,,,,
Industry,addis nigatu,091 120 2957,092 569 3354,Addis Ababa,,,,,
Industry,ADDIS PREFAB HOUSE MANUFACTURING INDUSTRY SC,011 663 2024,011 663 2024,Addis Ababa,,,,,
Industry,Adal Industry plc,011 443 2344,011 443 2344,Addis Ababa,,,,,/img/industry/adal.jpg
Industry,Adal Industrial,091 120 0123,011 443 2341,Addis Ababa,,,,,
Industry,AFRI TRACK INDUSTRY,092 990 6260,092 990 6260,Addis Ababa,,,,,
Industry,africa briquet plc,011 896 3896,011 896 3896,Addis Ababa,,,,,
Industry,EILECTO-NET PLC,011 157 4234,011 157 4234,Addis Ababa,,,,,
Industry,Impala Trade & Industry Plc,011 442 1269,011 416 9882,Addis Ababa,,,,,
Industry,EASTERN INDUSTRY ZONE PLC,011 372 7006,011 372 7006,Addis Ababa,,,,,
Industry,ero eva trade & industry plc,011 554 9680,011 554 9679,Addis Ababa,,,,,
Industry,ETECHECEM ENGINEERING AND INDUSTRIAL SOLUTIONS,091 117 1887,091 117 1887,Addis Ababa,,,,,
Industry,ETENESH INDUSTRIAL PLC,091 140 6275,091 140 6275,Addis Ababa,,,,,
Industry,Ethex Trading PLC,011 439 1405,091 120 6248,Addis Ababa,,,,,
Industry,ethio takamol industry plc,011 616 5911,011 616 5912,Addis Ababa,,,,,
Industry,ETHIO TRADE INDUSTRY PLC,011 155 1301,011 155 1301,Addis Ababa,,,,,
Industry,ethio investment group pv.ltd.co,091 165 1841,091 920 0367,Addis Ababa,,,,,
Industry,ETHIO GALAXY INDUSTRIAL PRIVATE LIMITED COMPANY,091 119 4954,091 119 4954,Addis Ababa,,,,,
Industry,ETHIO PARADISE INDUSTRIAL TRADING PLC,091 121 0370,091 121 0370,Addis Ababa,,,,,
Industry,ETHIOPIA METAL INDUSTRY DEVELOPMENT,011 629 3475,011 629 3475,Addis Ababa,,,,,
Industry,ETHIOPIA TEXTILE INDUSTRY DEVELOPMENT INSTITUTE,011 430 5007,011 430 5007,Addis Ababa,,,,,
Industry,Ethiopian Tyre Rubber,011 551 6431,011 551 5163,Addis Ababa,,,,,
Industry,enam industreal plc,011 554 9394,093 000 0571,Addis Ababa,,,,,
Industry,inter emrate ethio industre and service development plc,011 467 3210,011 467 3210,Addis Ababa,,,,,
Industry,end global food complex plc,091 264 8243,011 896 1270,Addis Ababa,,,,,
Industry,ikhlas finising product industry trading plc,001 170 9143,091 120 5477,Addis Ababa,,,,,
Industry,ASBM Industrial Plc,091 152 3003,091 152 3003,Addis Ababa,,,,,
Industry,ANM SWISS INDUSTRY PLC,091 004 2144,091 004 2144,Addis Ababa,,,,,
Industry,ELSE ADDIS INDUSTRIAL DEVELOPMENT PLC,011 663 2837,011 663 2837,Addis Ababa,,,,,
Industry,elyas tesfaye textile & garment,011 439 0464,011 439 0610,Addis Ababa,,,,,
Industry,mm bding industry,011 372 6315,011 369 8248,Addis Ababa,,,,,
Industry,mtd industry,091 146 4750,091 146 4750,Addis Ababa,,,,,
Industry,SBG Industry PLC,092 441 1073,092 441 1073,Addis Ababa,,,,,
Industry,Ergendo trade industry plc,011 277 4152,091 268 9748,Addis Ababa,,,,,
Industry,AB SQUARE INDUSTRIAL ENGINEERING PLC,011 554 0543,011 554 0543,Addis Ababa,,,,,
Industry,AB HAM ENTERPRISE PLC,011 646 1100,011 646 1100,Addis Ababa,,,,,
Industry,excel plastic plc,011 629 2196,093 634 4540,Addis Ababa,,,,,
Industry,Kumtek Industrial Plc,091 142 0227,091 142 0227,Addis Ababa,,,,,
Industry,Queens Hyginic Industry PLC,091 134 6296,091 166 0813,Addis Ababa,,,,,
Industry,kahin industry plc,011 434 9551,091 155 8153,Addis Ababa,,,,,
Industry,charter center,011 869 7543,091 311 7918,Addis Ababa,,,,,
Industry,CONCORDE INDUSTRIAL AND BUSINESS,096 626 9837,091 106 9049,Addis Ababa,,,,,
Industry,WANZA FURNISHING INDUSTRY,011 553 1877,011 553 1877,Addis Ababa,,,,,
Industry,zenawi leather product,011 275 0530,011 275 0530,Addis Ababa,,,,,
Industry,Eurika Industrial Supplies,011 440 4255,011 440 4255,Addis Ababa,,,,,
Industry,Yibarek alemu Starch Chemical & Adhesive Industriy,011 662 8161,011 662 8161,Addis Ababa,,,,,
Industry,DUMERSO INDUSTRIAL TRADING PLC,011 320 3931,093 540 9249,Addis Ababa,,,,,
Industry,D.HGEDA TRADE &INDUSTRY PLC,011 663 8159,011 661 8158,Addis Ababa,,,,,
Industry,DD KMS EGGA TRADE AND INDUSTRY PLC,091 121 0375,091 121 0375,Addis Ababa,,,,,
Industry,DIGATA INDUSTRIES INC PLC,093 001 2399,093 001 2399,Addis Ababa,,,,,
Industry,Dawit Legesse Architectural & Engineering Consultancy,011 662 5235,091 167 0149,Addis Ababa,,,,,
Industry,daynamic transformer industry plc,091 139 8083,091 139 8083,Addis Ababa,,,,,
Industry,dire industry area plc,011 275 6443,011 275 6443,Addis Ababa,,,,,
Industry,dora industrial works plc,011 416 8601,011 618 8543,Addis Ababa,,,,,
Industry,JEMASCO POLYMER INDUSTRIAL PLC,091 120 0023,091 120 0023,Addis Ababa,,,,,
Industry,g.m.t industrial plc,011 558 1296,091 151 3824,Addis Ababa,,,,,
Industry,GSSA Industry Plc,011 869 7867,011 869 7867,Addis Ababa,,,,,
Industry,GNM industries,011 439 1019,091 165 0437,Addis Ababa,,,,,
Industry,G & A INDUSTRY AND TRADE WORK PLC,011 439 0346,011 439 1453,Addis Ababa,,,,,
Industry,G-Seven Trading & Industry Plc,011 434 0311,091 120 1992,Addis Ababa,,,,,
Industry,JIRU INDUSTRY PLC,091 187 0010,091 187 0010,Addis Ababa,,,,,
Industry,GEOSYTHETICS INDUSTRIAL WORKS,011 439 5288,001 143 9529,Addis Ababa,,,,,
Industry,G S S A INDUSTRY PLC,091 150 8689,091 150 8689,Addis Ababa,,,,,
Industry,G Y A AGRO INDUSTRY,092 208 0414,092 208 0414,Addis Ababa,,,,,
Industry,Gelan Metal Industry,011 439 2563,092 061 0603,Addis Ababa,,,,,
Industry,GABBY INVESTMENT PLC,011 554 7298,011 554 7298,Addis Ababa,,,,,
Industry,Giondo  Industry & Trading PLC,011 442 1836,091 120 7377,Addis Ababa,,,,,
Industry,gion industrial,011 445 0143,011 445 0143,Addis Ababa,,,,,
Industry,Eltex textile and garment factory,+251-911227517,+251927494949,Addis Ababa,,,,,/img/industry/eltex.jpg
Industry,GARMENTS AND SWING INDUSTRY INSTITUTE,011 663 9728,011 663 9728,Addis Ababa,,,,,
Industry,Goda Bottle & Glass S.C,011 661 0550,011 661 0550,Addis Ababa,,,,,
Industry,TAITU TRADE INDUSTRY PLC,091 163 5644,091 163 5644,Addis Ababa,,,,,
Industry,TSEHAY INDUSTRY SHARE COMPANY,091 145 6898,091 145 6898,Addis Ababa,,,,,
Industry,tsegaye and family plc,091 120 5497,091 120 5497,Addis Ababa,,,,,
Industry,Famu Industrial Plc,091 151 4008,091 151 4006,Addis Ababa,,,,,
Industry,farid industrial and commercial plc,011 435 0033,091 120 4053,Addis Ababa,,,,,
Industry,firesew girma gebru,092 298 9314,092 298 9314,Addis Ababa,,,,,
Industry,Friend ship Agro Industry Plc,011 618 8655,091 369 7732,Addis Ababa,,,,,
Industry,PLONEER AGRO INDUSTRY PLC,011 860 8526,011 860 8526,Addis Ababa,,,,,
Industry,POLY INDUSTRIAL GROUP,011 371 8128,011 371 8127,Addis Ababa,,,,,
Industry,vina trading and industry plc,091 137 3616,091 137 3616,Addis Ababa,,,,,
Industry,MULAR INDSUTRY PLC,092 242 8133,092 242 8133,Oromia,,,,,
Industry,SHALO ELFORA,091 682 2060,091 682 2060,Oromia,,,,,
Industry,ASMI INDUSTRY,011 432 0718,011 432 0718,Oromia,,,,,
Industry,Elfora Agro Industry,022 333 8358,022 333 8358,Oromia,,,,,
Industry,nasir flour factory,046 221 4538,091 683 5089,SNNPRG,,,,,
Industry,COMPUND AGRO INDUSTRY,025 775 4444,025 775 4444,Somalia,,,,,
Industry,ST.GORGIES AGRO INDUSTRY (KILEBI GEBREAL),091 470 9888,091 470 9888,Tigray,,,,,
Industry,Berihu tesfa irrigation & water technology plc,034 440 0452,034 440 0452,Tigray,,,,,
Cement,habesha cement,011 456 3218,091 144 3589,Addis Ababa,,,,,
Cement,MESSEBO CEMENT FACTORY PLC,011 466 3292,011 466 3293,Addis Ababa,,,,,
Cement,Mendelo Tikur Dingay & Cement Products,011 442 1846,011 442 1846,Addis Ababa,,,,,
Cement,MUGHER CEMENT INTERPRISE,011 037 9033,011 037 9033,Addis Ababa,,,,,
Cement,muger cement,011 442 1480,011 442 1480,Addis Ababa,,,,,
Cement,Mater International PLC,011 551 3551,011 551 2987,Addis Ababa,,,,,
Cement,KANA AWA CEMENT PRODUCTS PRODUCTION,091 121 6459,091 384 2643,Addis Ababa,,,,,
Cement,Lardelli Paolo Manufattti In Cement,011 465 4957,011 465 4957,Addis Ababa,,,,,
Cement,NATIONAL  CEMENT,011 442 1923,092 521 0070,Addis Ababa,,,,,
Cement,national cement share company,011 440 1495,025 112 3792,Addis Ababa,,,,,
Cement,Alebschew Cement,091 356 9983,091 356 9983,Addis Ababa,,,,,
Cement,ALEK TERRAZZO FACTORY PLC,011 553 7990,011 553 7990,Addis Ababa,,,,,
Cement,Abyssinia Cement,093 009 8462,093 009 8462,Addis Ababa,,,,,
Cement,HUANG SHAN CEMENT PLC,011 662 3608,011 662 3608,Addis Ababa,,,,,
Cement,East Cement Sh.co,011 372 3970,011 439 1991,Addis Ababa,,,,,
Cement,EAST CEMENT SHARE COMPANY,092 060 0076,092 060 0076,Addis Ababa,,,,,
Cement,Ethio-cement,011 155 9252,091 115 5925,Addis Ababa,,,,,
Cement,AB-HAM CEMENT PRODUCTS FACTORY,011 550 7634,011 550 7634,Addis Ababa,,,,,
Cement,kebede geleta cement product factory,091 163 0632,091 163 0632,Addis Ababa,,,,,
Cement,derba midroc cement plc,091 301 9766,091 301 9766,Addis Ababa,,,,,
Cement,Debresina Business And Industry,011 629 3604,094 638 8606,Addis Ababa,,,,,
Cement,Dangote Cement,011 663 5105,092 941 8771,Addis Ababa,,,,,
Cement,Fekade Silasie & Sons Cement Products plc,011 646 0124,091 120 6898,Addis Ababa,,,,,
Candel,1 raha candle,091 134 2141,091 134 2141,Addis Ababa,,,,,
Candel,Abyson Industry Plc,011 439 0201,011 439 0201,Addis Ababa,,,,,
Candel,emebet dejen w/yohanis,091 157 6102,091 157 6102,Addis Ababa,,,,,
Candel,Kokeb Candle Production,011 439 1739,011 439 1739,Addis Ababa,,,,,
Candel,DASASH LION CANDLE FACTORY,011 276 3612,011 276 3612,Addis Ababa,,,,,
Painting,MOHAMMED CAR PAINT,091-121-2040,,Addis Ababa,,,,,
Painting,MULAR PAINTS,011-869-5466,,Addis Ababa,,,,,
Painting,Modern Building Industry PLC,011-372-4900,,Addis Ababa,,,,,
Painting,BRIGHT PAINTS FACTORY PLC,011-860-1557,,Addis Ababa,,,,,
Painting,nirdeson paint,091-102-6157,,Addis Ababa,,,,,
Painting,abay paint,091-121-2540,,Addis Ababa,,,,,/img/industry/abay paint.jpg
Painting,ethio scot waren plc,011-416-1251,,Addis Ababa,,,,,
Painting,Enutach Baitens,011-618-9221,,Addis Ababa,,,,,
Painting,F.A.Y PLC,011-550-9796,,Addis Ababa,,,,,
Painting,kadisco,011-439-1038,,Addis Ababa,,,,,
Painting,Kadisco Paint,091-129-6091,,Addis Ababa,,,,,
Painting,Kadisco Paint Distributor,011-868-5939,,Addis Ababa,,,,,
Painting,Zemili Paint Factory,011-629-2845,,Addis Ababa,,,,,
Painting,yemekina kelem,091-206-3026,,Addis Ababa,,,,,
Painting,Durosan Paint Factory,011-434-2299,,Addis Ababa,,,,,
Painting,DH geda trade & industry plc,011-663-8158,,Addis Ababa,,,,,
Painting,Jelaram Plc (Dura Coat Paints),011-551-9185,,Addis Ababa,,,,,
Painting,GSM Paint,093-804-7293,,Addis Ababa,,,,,
Painting,gidbelt plc,091-118-6359,,Addis Ababa,,,,,
Painting,belayneh beka button producer,011-419-6276,,Addis Ababa,,,,,
Painting,1 raha candle,091-134-2141,,Addis Ababa,,,,,
Painting,Abyson Industry Plc,011-439-0201,,Addis Ababa,,,,,
Painting,emebet dejen w/yohanis,091-157-6102,,Addis Ababa,,,,,
Painting,Kokeb Candle Production,011-439-1739,,Addis Ababa,,,,,
Painting,DASASH LION CANDLE FACTORY,011-276-3612,,Addis Ababa,,,,,
Fiber,Mehhdi Hassen,091 165 7201,,Addis Ababa,,,,,
Fiber,selo aluminium works,091 134 5734,,Addis Ababa,,,,,
Fiber,ABIY,091 183 3312,,Addis Ababa,,,,,
Fiber,ETHIO FIBER PRODUCT FACTORY,011 434 5936,,Addis Ababa,,,,,
Fiber,Fiber Factory Of Ethiopia,011 434 0015,,Addis Ababa,,,,,
Fiber,Global Fiber Glass Enterprise,011 647 9686,,Addis Ababa,,,,,
Fiber,fiber tech glass factory,011 439 3285,,Addis Ababa,,,,,
Fiber,Duny Fiber Glass,025 111 1659,,Dire Dawa,,,,,
Plastic,Ansha Kebir Vesut Plastic Products,091 268 7935,091 268 7935,Addis Ababa,,,,,
Plastic,ENBOSA PLC,011 375 5445,011 375 5445,Addis Ababa,,,,,
Plastic,afatiko trading plc,011 276 1895,011 276 1896,Addis Ababa,,,,,
Plastic,Gindo Industry & Trading Plc,091 120 7377,091 120 7379,Addis Ababa,,,,,
Plastic,3s plc,011 275 1965,011 276 3687,Addis Ababa,,,,,
Plastic,HAYAT AHMED PLASTIC PRODACTION,011 275 1867,011 275 1867,Addis Ababa,,,,,
Plastic,luel plastic plc,011 348 4512,011 248 1512,Addis Ababa,,,,,
Plastic,Leke Plastic Production Plc,011 348 1313,091 120 6643,Addis Ababa,,,,,
Plastic,Mohammed Ibrahim plastic shop,091 126 0608,091 126 0608,Addis Ababa,,,,,
Plastic,mehadi kemal plastic shop,011 312 4413,011 213 4413,Addis Ababa,,,,,
Plastic,Mebruk plc,091 121 4712,091 121 4712,Addis Ababa,,,,,
Plastic,meaza plastic factory,011 279 6804,011 279 6804,Addis Ababa,,,,,
Plastic,MUHIB PLASTIC PRODUCT FACTORY PLC,091 123 9032,091 123 9032,Addis Ababa,,,,,
Plastic,musa ayalewu factory,091 163 7198,091 163 7198,Addis Ababa,,,,,
Plastic,Marsel plc,091 120 2495,091 120 2495,Addis Ababa,,,,,
Plastic,mayur suryakaut kothari,011 662 1848,091 121 6570,Addis Ababa,,,,,
Plastic,mercimoy industral and commerce plc,093 000 0305,091 120 9901,Addis Ababa,,,,,
Plastic,Modern Multplast Plc,011 465 0864,011 645 6002,Addis Ababa,,,,,
Plastic,modji  plastic factory,011 111 1232,011 111 1232,Addis Ababa,,,,,
Plastic,Summit Engineering Plastics,011 660 4877,011 660 4877,Addis Ababa,,,,,
Plastic,Seble Warjira Shiferaw,091 018 7831,091 018 7831,Addis Ababa,,,,,
Plastic,Sisay Hailu,092 033 4473,091 121 2786,Addis Ababa,,,,,
Plastic,Salasar Compounds plc,011 440 4646,011 440 4646,Addis Ababa,,,,,
Plastic,Salahadin Hassen plastic production,011 277 0484,091 120 7998,Addis Ababa,,,,,
Plastic,Sky Industries plc,011 869 2000,093 301 9391,Addis Ababa,,,,,
Plastic,Seyoume Mamo PLC,091 153 2110,091 153 2110,Addis Ababa,,,,,
Plastic,Reem Plastic Factory PLC,011 439 0315,011 439 0315,Addis Ababa,,,,,
Plastic,roha plastic factory,011 419 5144,011 419 5146,Addis Ababa,,,,,
Plastic,Romie Plastic Packaging,091 146 8124,091 146 8124,Addis Ababa,,,,,
Plastic,shemelis hailu,011 550 3061,091 113 7677,Addis Ababa,,,,,
Plastic,SHIMELES PLASTIC PRODUCTS MANUFACTURING PLC,091 147 8298,091 147 8298,Addis Ababa,,,,,
Plastic,shibre tadele plastic shoe &sole factory,091 121 0869,091 121 0869,Addis Ababa,,,,,
Plastic,kalewold plastic factory,011 348 1969,091 142 1588,Addis Ababa,,,,,
Plastic,besaznew beresa plastic tiles and ceiling materials shop,091 288 6111,091 288 6113,Addis Ababa,,,,,
Plastic,bulti dirara,091 125 0885,091 125 0885,Addis Ababa,,,,,
Plastic,beft plastic,011 439 3950,091 154 8466,Addis Ababa,,,,,
Plastic,BAMNIF INDUSTRIAL PLC,011 216 2010,011 216 2010,Addis Ababa,,,,,
Plastic,BEST PLASTIC INDUSTRY,011 338 1913,091 120 6123,Addis Ababa,,,,,
Plastic,Black Diamond Plastic Factory,011 434 1628,011 434 1628,Addis Ababa,,,,,
Plastic,BOGALE SHAWEL SHOE FACTORY,011 213 1659,011 213 1659,Addis Ababa,,,,,
Plastic,BOGALE BULTI,011 213 2678,091 182 9365,Addis Ababa,,,,,
Plastic,NATIONAL DISTRIBUTER,011 275 0215,011 275 0215,Addis Ababa,,,,,
Plastic,nitsu ethiopia plc,011 639 4240,091 146 7665,Addis Ababa,,,,,
Plastic,A.M.D Plastic Production PLC,091 120 5008,091 150 6064,Addis Ababa,,,,,
Plastic,Ahzi Trading,091 143 6495,091 164 9506,Addis Ababa,,,,,
Plastic,Alusma Rober,011 419 7205,091 260 5656,Addis Ababa,,,,,
Plastic,elhamic pf,011 439 2765,011 439 2765,Addis Ababa,,,,,
Plastic,Elfinesh Lakew,011 275 4996,091 144 8885,Addis Ababa,,,,,
Plastic,"Amira Seid Floor Carpet ,Plastic",091 165 6723,091 165 6723,Addis Ababa,,,,,
Plastic,AMARE KINFU GENRAL IMPORTER,011 320 6037,011 320 6037,Addis Ababa,,,,,
Plastic,amamnuel plastic,091 147 7305,091 147 7305,Addis Ababa,,,,,
Plastic,Assia Plastic Shop,011 275 0657,011 372 4917,Addis Ababa,,,,,
Plastic,Arcider Plastic Factory,091 121 8564,091 121 8564,Addis Ababa,,,,,
Plastic,Abyata PLC,011 439 3454,011 439 3454,Addis Ababa,,,,,
Plastic,ABAY P.P WOVEN BAGS MANIFACTURING,011 552 8462,011 552 8462,Addis Ababa,,,,,
Plastic,Abreham G/Medhin Plastic Factory,091 120 7155,091 120 7155,Addis Ababa,,,,,
Plastic,Abrham g/medihin plastic  fabrica,011 439 2379,011 439 2379,Addis Ababa,,,,,
Plastic,abedela ibrahim,011 275 5074,011 275 5074,Addis Ababa,,,,,
Plastic,Abdurahman Ahemed,091 125 8593,091 125 8593,Addis Ababa,,,,,
Plastic,AYNI INDUSTRIES PLC,011 278 5430,091 140 8653,Addis Ababa,,,,,
Plastic,Adey Abeba foam & Plastic Manufacturing,091 160 3168,091 160 3168,Addis Ababa,,,,,
Plastic,ADEY ABEBA FOAM AND PLASTIC MANUFACTURING,091 145 5853,091 145 5853,Addis Ababa,,,,,
Plastic,adeka plc,011 442 2741,011 442 2741,Addis Ababa,,,,,
Plastic,ISHANA PLASTIC,092 032 6277,092 032 6277,Addis Ababa,,,,,
Plastic,ethio gabmbiya bussens plc,011 416 6161,091 120 2292,Addis Ababa,,,,,
Plastic,Ethiopia Plastic S.C,011 351 2666,011 351 2666,Addis Ababa,,,,,
Plastic,Ethiopia Plastic Industry,011 551 2666,011 551 2666,Addis Ababa,,,,,
Plastic,Inova Poly bag PLC,011 553 8060,011 553 8060,Addis Ababa,,,,,
Plastic,A.D.H International Plc,011 275 7742,011 275 7742,Addis Ababa,,,,,
Plastic,Ab Plast Plc,011 629 3494,011 629 5112,Addis Ababa,,,,,
Plastic,epheram w\gogis,091 151 3673,091 151 3673,Addis Ababa,,,,,
Plastic,FD PLC,011 157 1824,011 157 1917,Addis Ababa,,,,,
Plastic,el-hamik plastic factory,011 439 3128,011 439 3128,Addis Ababa,,,,,
Plastic,elefinesh lakew,091 102 9890,091 102 9890,Addis Ababa,,,,,
Plastic,Oxford Polyethylene,011 663 6521,011 663 6522,Addis Ababa,,,,,
Plastic,Oyap Ethio Industrial And Trade Plc,011 618 1113,091 148 8959,Addis Ababa,,,,,
Plastic,Capital Bussines PLC,011 553 6763,011 554 6822,Addis Ababa,,,,,
Plastic,Classic Packaging,011 419 6261,011 419 6262,Addis Ababa,,,,,
Plastic,KIBROM FOAM & PLASTIC,091 120 4751,091 121 2648,Addis Ababa,,,,,
Plastic,Complus Industriral plc,093 417 7961,093 417 7961,Addis Ababa,,,,,
Plastic,wendemu niguse plastic pipe factory,091 121 3681,091 121 9393,Addis Ababa,,,,,
Plastic,Zenbaba General Trade Plc,011 276 1118,091 120 3619,Addis Ababa,,,,,
Plastic,Zewarat Ethiopia,011 348 1573,011 348 1573,Addis Ababa,,,,,
Plastic,Unity Trading Plc,011 515 6091,011 515 6091,Addis Ababa,,,,,
Plastic,Yimerdin PLC,011 275 4903,011 275 4903,Addis Ababa,,,,,
Plastic,Damana Plastic Factory,011 155 3851,011 439 4235,Addis Ababa,,,,,
Plastic,desta plc,011 554 3598,011 554 3598,Addis Ababa,,,,,
Plastic,double busines group,011 645 0405,011 645 0405,Addis Ababa,,,,,
Plastic,DEAMAN PLASTIC INDUSTRY,011 349 9070,091 121 0288,Addis Ababa,,,,,
Plastic,Degeman Plastic Factory,011 419 6364,011 419 6364,Addis Ababa,,,,,
Plastic,dj trading,091 123 3462,091 123 3462,Addis Ababa,,,,,
Plastic,damne shewane plastic production enterprise,093 001 3205,091 160 9798,Addis Ababa,,,,,
Plastic,Dashen Plastics PLC,011 552 1918,091 123 4096,Addis Ababa,,,,,
Plastic,DAZE PLASTIC,011 663 8864,011 663 8864,Addis Ababa,,,,,
Plastic,DIRE PP BAGS FACTORY,011 111 4893,011 111 4893,Addis Ababa,,,,,
Plastic,degafe shenkute plastic factory,091 120 4071,091 120 4071,Addis Ababa,,,,,
Plastic,Geosynthetics Indistrial Work,011 439 5295,011 439 5295,Addis Ababa,,,,,
Plastic,germew negussie plastic,091 123 9949,091 123 9949,Addis Ababa,,,,,
Plastic,gezaheg negash zeleke,011 629 3380,011 629 3380,Addis Ababa,,,,,
Plastic,Global and Plastics Plc,011 646 1080,092 146 7124,Addis Ababa,,,,,
Plastic,Gizachew Negash Plastic Factory,011 629 3432,011 629 3432,Addis Ababa,,,,,
Plastic,TANA SHOE SALE PLASTIC FACTORY,011 275 6338,011 275 6338,Addis Ababa,,,,,
Plastic,Tana Plastic Factory Plc,011 111 2563,011 111 3823,Addis Ababa,,,,,
Plastic,balck s shoe  plc,011 275 5213,091 122 8034,Addis Ababa,,,,,
Plastic,tsehaye plastic & canvas,011 839 1529,091 165 3694,Addis Ababa,,,,,
Plastic,tsegaye and his family plc,011 618 5070,091 121 2211,Addis Ababa,,,,,
Plastic,FERHID ABDULSELAM,091 030 4451,091 030 4451,Addis Ababa,,,,,
Plastic,fekadu wendim agegni,091 293 6109,091 293 6109,Addis Ababa,,,,,
Plastic,fuad abdurahman plastic factory,011 439 1188,091 120 0985,Addis Ababa,,,,,
Plastic,Family Modern Trading,011 158 5960,091 166 7655,Addis Ababa,,,,,
Plastic,Flexble Packaging Manufacturing PLC,011 439 1939,011 439 3356,Addis Ababa,,,,,
Plastic,Plastech Plc,011 662 7416,011 662 7416,Addis Ababa,,,,,
Plastic,Natera Company,033 111 5445,091 473 8919,Amhara,,,,,
Plastic,Mopaco Pakaging,025 111 2175,025 111 2175,Dire Dawa,,,,,
Plastic,natran plastic products shop,025 111 6522,091 576 2390,Dire Dawa,,,,,
Plastic,Ecoplastic PLC,091 330 8052,091 120 6260,Oromia,,,,,
Plastic,Enderis Abdurahman Plastic Factory,011 433 6412,011 433 6412,Oromia,,,,,
Plastic,General Plastic & Milamine Shop,022 111 4326,022 111 4326,Oromia,,,,,
Plastic,FALSAL MOHAMMED AHMED,091 120 6260,091 330 8052,Oromia,,,,,
Plastic,MASHO TEKLU W/SLASIE,034 440 7202,091 430 0865,Tigray,,,,,
Shoe,Anbessa shoe,011 213 1622,091 121 0445,Addis Ababa,,,,,
Shoe,Harmad Womens Shoe Shop,091 050 8535,091 050 8535,Addis Ababa,,,,,
Shoe,London Shoe,011 416 0780,091 106 4821,Addis Ababa,,,,,
Shoe,Lucy Shoe Shop,011 275 1070,011 275 1070,Addis Ababa,,,,,
Shoe,LILI SHOE SHOP,011 275 6703,011 275 6703,Addis Ababa,,,,,
Shoe,Liwa Shoe Shop,011 276 9116,011 276 9116,Addis Ababa,,,,,
Shoe,LAL PIAMS,011 277 8057,011 277 8057,Addis Ababa,,,,,
Shoe,Melese Teka Shoe Factory,011 275 1877,011 275 1877,Addis Ababa,,,,,
Shoe,Mekidela Shoe Shop,091 123 7371,091 123 7371,Addis Ababa,,,,,
Shoe,Meba international trade,011 156 2758,091 120 6647,Addis Ababa,,,,,
Shoe,Mulu G/Tsadik Shoe,011 275 3990,011 275 3990,Addis Ababa,,,,,
Shoe,MULUMEBETE SHOE HOUSE,011 155 9804,011 155 9804,Addis Ababa,,,,,
Shoe,MULUGETA NEGASH SHOE SSHOP,011 276 5735,011 276 5735,Addis Ababa,,,,,
Shoe,Mustefa kemal shoe shop,011 123 2402,091 182 5175,Addis Ababa,,,,,
Shoe,MIHERET HAGOSE SHOE SHOP,011 213 4103,011 213 4103,Addis Ababa,,,,,
Shoe,MOLA BERHE & SONS SHOE SHOP,011 275 4289,011 275 4289,Addis Ababa,,,,,
Shoe,Mohans plc,011 439 0722,091 120 0160,Addis Ababa,,,,,
Shoe,sileshi zemerkun importer,091 195 8328,091 195 8328,Addis Ababa,,,,,
Shoe,Super Star Shoe Shoping,011 439 4819,011 275 0540,Addis Ababa,,,,,
Shoe,super star shoe shope,091 144 0270,091 144 0270,Addis Ababa,,,,,
Shoe,CITY SHOE SHOP,011 276 8815,091 120 5720,Addis Ababa,,,,,
Shoe,Smart Shoe shop,091 335 6860,091 335 6860,Addis Ababa,,,,,
Shoe,Semu Borde Shop,092 398 5993,092 398 5993,Addis Ababa,,,,,
Shoe,shebera tadele,011 279 2214,011 279 2214,Addis Ababa,,,,,
Shoe,Shewa shoes factory,091 120 4536,094 799 7398,Addis Ababa,,,,,
Shoe,konjit endeshaw debella,011 275 2985,011 275 2985,Addis Ababa,,,,,
Shoe,BEREHE ASSEFA SHOE FACTORY,011 122 3137,011 122 3137,Addis Ababa,,,,,
Shoe,berhan shemachoch,091 177 7412,091 245 2431,Addis Ababa,,,,,
Shoe,Blacky Shoe,011 439 1778,011 439 1778,Addis Ababa,,,,,
Shoe,blue nile shoe shop,011 442 0140,011 442 0140,Addis Ababa,,,,,
Shoe,BLAS  SHOE AND SOLE,011 439 1478,011 439 1478,Addis Ababa,,,,,
Shoe,Bleane shoe shop,011 276 3602,091 124 1804,Addis Ababa,,,,,
Shoe,berhanu dechassa,091 135 2770,091 135 2770,Addis Ababa,,,,,
Shoe,biritu werku canvas and rubber shoe shop,011 213 0599,091 144 6528,Addis Ababa,,,,,
Shoe,biniyamer shoe factory,011 277 0991,091 123 3939,Addis Ababa,,,,,
Shoe,Tewodros Yohhanes,091 002 0954,091 002 0954,Addis Ababa,,,,,
Shoe,cheru mamo shoe,011 276 6479,011 276 6479,Addis Ababa,,,,,
Shoe,Naji General Trading,011 553 1904,011 553 1904,Addis Ababa,,,,,
Shoe,AHEMED MOHHAMOD AND FAMILY PLC,011 276 4394,091 124 1412,Addis Ababa,,,,,
Shoe,ahmed ali shoe,011 213 2708,011 213 2708,Addis Ababa,,,,,
Shoe,alemu kassa shoe store,091 122 2986,091 122 2986,Addis Ababa,,,,,
Shoe,ALMAZ SHOE SHOP,011 275 4962,091 160 6113,Addis Ababa,,,,,
Shoe,elfinesh zelalem shoe and leather factory,011 442 5956,011 442 5956,Addis Ababa,,,,,
Shoe,Amede Birhane Shoe,011 275 5723,011 275 5723,Addis Ababa,,,,,
Shoe,AMARECH SIMMA SHOE SHOP,011 276 3943,091 123 6206,Addis Ababa,,,,,
Shoe,Assefa Dema Shoe Shop,011 275 0869,011 275 0869,Addis Ababa,,,,,
Shoe,Ara Shoes AG Ethiopia Addis Ababa,011 434 0522,011 434 0522,Addis Ababa,,,,,
Shoe,Arada Shoe Shop,011 155 2708,011 155 2708,Addis Ababa,,,,,
Shoe,ERSAHA PLC,011 275 2057,011 275 2057,Addis Ababa,,,,,
Shoe,abera eshete shoe shop,011 275 0463,091 140 9518,Addis Ababa,,,,,
Shoe,ABERASH SHOE SOLE,011 275 2490,091 123 3948,Addis Ababa,,,,,
Shoe,Abebech Shoe Shop,011 275 4972,011 275 4972,Addis Ababa,,,,,
Shoe,ABEBECH SHEO SHOP,011 257 4972,011 257 4972,Addis Ababa,,,,,
Shoe,abaynesh shoe shop,091 164 6125,091 164 6125,Addis Ababa,,,,,
Shoe,IBEX SHOE SHOP,093 967 7924,093 967 7924,Addis Ababa,,,,,
Shoe,absera trading,011 155 3819,011 155 3819,Addis Ababa,,,,,
Shoe,abiy shoe shop,091 192 8622,091 192 8622,Addis Ababa,,,,,
Shoe,abdulhadi shoe shop,011 575 7607,011 575 7607,Addis Ababa,,,,,
Shoe,akalu abeba,011 275 0214,091 122 2122,Addis Ababa,,,,,
Shoe,I.B.X,011 276 8814,011 276 8814,Addis Ababa,,,,,
Shoe,ADANE DEME SHOE,011 275 0350,091 121 2375,Addis Ababa,,,,,
Shoe,adanechi g/giyorgis,011 275 1350,011 275 1350,Addis Ababa,,,,,
Shoe,Atenker Shoe,091 113 9966,091 113 9966,Addis Ababa,,,,,
Shoe,africa shoe,011 276 3390,011 276 3390,Addis Ababa,,,,,
Shoe,afework shoe factory,093 001 2530,093 001 2530,Addis Ababa,,,,,
Shoe,AFDAL PLC,011 276 6784,091 160 9574,Addis Ababa,,,,,
Shoe,E.A.E Famili Plc,011 275 5451,091 120 9667,Addis Ababa,,,,,
Shoe,Eelccos Shose Production,091 103 1650,091 103 1650,Addis Ababa,,,,,
Shoe,Eteade Plc,011 275 0444,091 120 8540,Addis Ababa,,,,,
Shoe,Ethio Italy Shoe Factory,011 440 0658,011 442 1424,Addis Ababa,,,,,
Shoe,ETHIOPIA CANVAS & RUBBER SHOE FACTORY,011 442 4300,011 442 4300,Addis Ababa,,,,,
Shoe,M.DOKA SHOE FACTORY,011 276 8896,011 276 8896,Addis Ababa,,,,,
Shoe,MK TRADE & INDUSTRY PLC,011 439 4617,011 439 4617,Addis Ababa,,,,,
Shoe,Elfinesh Andeta,011 275 0146,091 165 3105,Addis Ababa,,,,,
Shoe,Endewain General Trading PLC,011 278 1382,011 278 1384,Addis Ababa,,,,,
Shoe,EYOB & HIS FAMILY G/BUSINESS PLC,011 275 1212,091 151 5946,Addis Ababa,,,,,
Shoe,Oxfono,011 558 6458,091 267 7115,Addis Ababa,,,,,
Shoe,kertena shoe factory,091 199 8991,091 199 8991,Addis Ababa,,,,,
Shoe,katiso,011 645 7406,011 645 7406,Addis Ababa,,,,,
Shoe,Korem Shoe Factory,011 275 6470,011 275 6470,Addis Ababa,,,,,
Shoe,w/aregay shoes shop and manufacturing,091 147 3660,091 147 3660,Addis Ababa,,,,,
Shoe,w/aregay shoe shop and manufacturing,091 147 3860,091 147 3860,Addis Ababa,,,,,
Shoe,Woldiya SAhoe Shop,011 111 9184,011 111 9184,Addis Ababa,,,,,
Shoe,Yemsrach shoe shop,091 145 1918,091 145 1918,Addis Ababa,,,,,
Shoe,Yegermal Sport Shop,091 190 2919,091 190 2919,Addis Ababa,,,,,
Shoe,demol foreian and domestic shoes store,094 796 4386,094 796 4386,Addis Ababa,,,,,
Shoe,dalloo shoes and leather production enterprise,011 213 1478,091 168 5647,Addis Ababa,,,,,
Shoe,Dani Shoe,011 213 7447,011 213 7447,Addis Ababa,,,,,
Shoe,Dandy Shoe Shop,011 275 9802,011 275 9802,Addis Ababa,,,,,
Shoe,dianosor shoe factory,011 213 5185,011 442 3815,Addis Ababa,,,,,
Shoe,dori shoe shop,011 275 0352,091 187 8087,Addis Ababa,,,,,
Shoe,GELILA SHOE FACTORY,011 213 1396,011 213 1396,Addis Ababa,,,,,
Shoe,geremewunigusse plastic shoes,091 123 9944,091 123 9944,Addis Ababa,,,,,
Shoe,GAMB Shoe smart,011 667 4066,091 122 0231,Addis Ababa,,,,,
Shoe,Gambe Shoes Mart,011 162 7509,011 162 7509,Addis Ababa,,,,,
Shoe,Gazi Shoe,091 121 7746,091 121 7746,Addis Ababa,,,,,
Shoe,GRUM SHOE,011 157 9506,011 157 9506,Addis Ababa,,,,,
Shoe,Gezachew Legesse Shoe Shop,091 161 1159,091 161 1159,Addis Ababa,,,,,
Shoe,tsehay lema,011 155 8652,011 155 8652,Addis Ababa,,,,,
Shoe,tsedale beyene leazer and shoe,011 213 6140,091 123 6451,Addis Ababa,,,,,
Shoe,tsega shoes and leather products,011 275 0549,091 130 8231,Addis Ababa,,,,,
Shoe,FETUDIN OUMER SHOE,011 275 0403,091 120 0192,Addis Ababa,,,,,
Shoe,FANAYE KURABACHEW SHOE,011 275 1259,091 120 3383,Addis Ababa,,,,,
Shoe,Fantanina Shoe Factory,011 442 1537,011 442 1520,Addis Ababa,,,,,
Shoe,FACT SHOE FACTORY,011 276 7350,091 124 1876,Addis Ababa,,,,,
Shoe,FLAME SHOE FACTORY,011 275 1461,091 123 3453,Addis Ababa,,,,,
Shoe,Fereco Modern Shoe,011 552 4173,011 552 4173,Addis Ababa,,,,,
Chemical,Technochem International Plc,011 629 2403,011 156 5002,,,,,,
Chemical,hareg chemichal,091 371 6325,091 371 6325,,,,,,
Chemical,Harego Chemical,011 259 5603,011 259 5603,,,,,,
Chemical,HIGH CHEM ETHIOPIA PLC,011 651 3106,011 651 3106,,,,,,
Chemical,hiwot,091 341 1598,093 182 1289,,,,,,
Chemical,HORIZON TRADING & AGENCY,011 551 8061,011 551 8061,,,,,,
Chemical,MOHAMMED ABOUBAKER IMPORTER,011 275 0118,011 275 0118,,,,,,
Chemical,Meler School Laboratory & Chemical Equipment,091 194 6556,091 194 6556,,,,,,
Chemical,MURAL PAINTS AND CHEMICALS PLC,011 839 1566,009 299 0299,,,,,,
Chemical,milky enterprise,011 515 7323,011 515 7323,,,,,,
Chemical,mesgun enterprise,011 551 1553,011 551 1553,,,,,,
Chemical,si.and j bosman bv,091 178 1235,091 178 1235,,,,,,
Chemical,sign chemical,011 126 2799,011 126 2799,,,,,,
Chemical,Radel Foundry Plt. LtD.Co,011 439 1834,011 439 3504,,,,,,
Chemical,BISHAN GARI PURIFICATION,011 551 2587,011 551 2587,,,,,,
Chemical,BENYABI CHEMICAL ENGINEERING,011 466 9228,011 466 9228,,,,,,
Chemical,Baynako Ethiopia,011 551 6000,011 551 6000,,,,,,
Chemical,Beta chemicals,011 896 1819,001 896 1634,,,,,,
Chemical,bezema dyes & chemicals n.b.e. plc,011 618 0086,093 995 9395,,,,,,
Chemical,TNT Chemie Enterprise,011 320 6058,011 320 6058,,,,,,
Chemical,TK Manufactory plc,091 176 5998,091 176 5998,,,,,,
Chemical,TAZA PLC,011 419 6341,091 190 1047,,,,,,
Chemical,natecon enterprises plc,011 552 1455,091 218 9672,,,,,,
Chemical,allid chemicals plc,011 618 0235,091 062 6668,,,,,,
Chemical,AL MAM BEARING,011 155 1147,011 155 1147,,,,,,
Chemical,ALLCHAM PLC,011 320 6612,011 320 6612,,,,,,
Chemical,Askalu Can Trading Plc,011 157 1042,011 157 1042,,,,,,
Chemical,arbatrage international trading plc,011 550 8750,011 515 7024,,,,,,
Chemical,arozco petro chemichals plc,091 299 0623,092 990 6233,,,,,,
Chemical,ABIJATA SODA ASH S.C,011 618 1147,011 618 1147,,,,,,
Chemical,Abedayu Industrial,011 639 4322,091 130 2693,,,,,,
Chemical,Atlas Engineering Group PLC,011 551 8621,011 551 3844,,,,,,
Chemical,ATLANTIC INTERNATIONAL TRADING,011 550 9178,011 550 9178,,,,,,
Chemical,Anko General Trading Plc,011 618 1432,011 618 1432,,,,,,
Chemical,AWASH MELKASA ALMUNIYM SALPHTE AND SULPHURIC,011 211 3809,011 211 3809,,,,,,
Chemical,ADD REAL VALUE PLC,011 662 7510,011 662 7510,,,,,,
Chemical,ADDRN CHEMICAL PLC,092 011 3051,092 011 3051,,,,,,
Chemical,Agri Care-Chemicals,011 157 2022,011 442 5622,,,,,,
Chemical,Issacor General Trading,011 840 0028,011 840 0028,,,,,,
Chemical,ETHIO IMPORT - EXPORT PLC,011 551 3291,011 551 3291,,,,,,
Chemical,A Capelli & Co. PLC,011 275 3255,011 275 3255,,,,,,
Chemical,A/Z TRADING & SERVICES PLC,011 551 8047,011 551 8047,,,,,,
Chemical,EMECO PLC,011 661 5951,011 661 5951,,,,,,
Chemical,AC Chemical Trading PLC,011 869 3298,011 869 3298,,,,,,
Chemical,ae chemeical trading plc,011 667 2354,091 147 4171,,,,,,
Chemical,Kalid Abdurahuman,091 337 2063,091 337 2063,,,,,,
Chemical,Kanmax Engineering,091 121 7003,091 121 7003,,,,,,
Chemical,CHEMICAL INDUSTRY CORPORATION,091 152 5013,091 152 5013,,,,,,
Chemical,chemical industry cooperation,011 662 7377,091 101 7405,,,,,,
Chemical,Caustic Soda S.C,011 618 4317,011 618 4317,,,,,,
Chemical,CONCORD PLC,011 661 4784,011 661 4784,,,,,,
Chemical,DI FABRIS PLC,011 662 6409,011 662 6409,,,,,,
Chemical,DANBIZ INTERNATIONAL TRADING,011 550 0262,011 550 0262,,,,,,
Chemical,DELTA INSTRUMENT TECHNOLOGY PLC,011 371 3755,011 371 3755,,,,,,
Chemical,DAIR MUZEMIL IMPORT DISTRIBUTOR & COMMISSION,011 156 8695,091 121 0422,,,,,,
Chemical,JAY CHEMICAL PLC,092 154 7015,092 154 7015,,,,,,
Chemical,Jigra International PLC,091 152 6540,091 151 5123,,,,,,/img/industry/jigra.jpg
Chemical,gudisa gayesa,091 184 1071,092 022 1970,,,,,,
Chemical,GALAXY INDUSTRIES PLC,011 156 1212,091 121 2373,,,,,,
Chemical,CHORA GAS CHEMICAL PRODUCTS FACTORY,011 551 9244,011 551 9244,,,,,,
Chemical,Fitsum International Plc,011 348 0584,011 348 0584,,,,,,
Chemical,VITTORIO CHEMICAL INDUSTRY,091 120 5469,091 120 5469,,,,,,
Chemical,Detergent chemical and textile factory,+25120473319,+251912 500724,,,,,,/img/industry/isik.jpg
Cement,Ahadu terrazzo factory,0342 41 54 00,0911 30 96 30,,,,,,/img/industry/ahadu.jpg
Industry,Amio Engineering Industry & Agricultural machineries,2.51114E+11,+251 911 22 80 93,,,,,,/img/industry/amio.jpg
Industry,Bahirdar ,+251-115-159040,,,,,,,/img/industry/bahirdar taniry 02.jpg
Industry,ETM Aluminum works,011 124 6664,091 144 5518,,,,,,/img/industry/ETM_20171221_Half A4.jpg
Industry,Leggio aluminium,+25115153466,,,,,,,/img/industry/leggio.jpg
Industry,BG trading p.l.c,+251118290923,+251911233463,,,,,,/img/industry/n1.jpg
Industry,Nazo p.l.c,+251 114 195579/80,+251 929 901585,,,,,,/img/industry/nazo.jpg
Industry,New Wave Industries plc,+251 254 110022,+251930 101972,,,,,,/img/industry/new wave 2 c6.jpg
Industry,Reem Industrial plc,+251 114 39 03 15,,,,,,,/img/industry/reem.jpg
Industry,Sonafric Industries plc,+251 114 390 201 ,+251 910 49 59 00,,,,,,/img/industry/sonafric.jpg
Industry,Ture Cement factory,025 112 2397,,,,,,,/img/industry/ture cement2.jpg
Industry,United Alpha Commercial p.l.c,+251 11 6517858,+251 91 1208386,,,,,,/img/industry/United.jpg
Industry,Roha pack p.lc,+251 9299228645,+251114195142,,,,,,/img/industry/roha pack.jpg
